Name,Score,Email_Address
Aaron Castillo,563,sonalbt@gmail.com
Aaron Golden,934,sonalb.t@gmail.com
Aaron Robinson,612,sonal.bt@gmail.com
Abigail Cruz,732,sona.lbt@gmail.com
Adam Arnold,624,son.albt@gmail.com
Adam Dominguez,860,so.nalbt@gmail.com
Adam Jensen,674,s.onalbt@gmail.com
Adam Johnson Jr.,571,mail.testsonalbt@gmail.com
Adam Taylor,952,m.ailtestsonalbt@gmail.com
Adrian Parker,859,ma.iltestsonalbt@gmail.com
Aimee White,981,mai.ltestsonalbt@gmail.com
Albert Booth,838,mailtestsonalbt@gmail.com
Alejandro Freeman,762,mailt.estsonalbt@gmail.com
Alexander Dominguez,924,mailte.stsonalbt@gmail.com
Alexandra Owen,561,mailtes.tsonalbt@gmail.com
Alexandra Williams,861,mailtest.sonalbt@gmail.com
Alexis Villa,624,mailtests.onalbt@gmail.com
Alfred Wright,880,mailtestso.nalbt@gmail.com
Alicia Johnson,822,mailtestson.albt@gmail.com
Alisha Gardner,875,mailtestsona.lbt@gmail.com
Allen Ramirez,906,mailtestsonal.bt@gmail.com
Allison Jackson,862,mailtestsonalb.t@gmail.com
Allison Orozco,730,apoorvpandey@gmail.com
Allison Thompson,985,a.poorvpandey@gmail.com
Alvin Cruz,717,ap.oorvpandey@gmail.com
Alyssa Walker,682,apo.orvpandey@gmail.com
Amanda Castro,569,apoo.rvpandey@gmail.com
Amanda Holland,546,apoor.vpandey@gmail.com
Amanda Mason,592,apoorv.pandey@gmail.com
Amanda Miller,715,apoorvp.andey@gmail.com
Amanda Reed,857,apoorvpa.ndey@gmail.com
Amanda Rosales,632,apoorvpan.dey@gmail.com
Amanda Rose,634,apoorvpand.ey@gmail.com
Amber Lopez,720,apoorvpande.y@gmail.com
Amber Sparks,620,sonalbt@gmail.com
Andre King,599,sonalb.t@gmail.com
Andre Sanders,526,sonal.bt@gmail.com
Andrea Crawford,684,sona.lbt@gmail.com
Andrea Day,996,son.albt@gmail.com
Andrea Patrick,853,so.nalbt@gmail.com
Andrea Taylor,558,s.onalbt@gmail.com
Andrew Barnes,646,mail.testsonalbt@gmail.com
Andrew Brown,860,m.ailtestsonalbt@gmail.com
Andrew Fisher,804,ma.iltestsonalbt@gmail.com
Andrew Gutierrez,873,mai.ltestsonalbt@gmail.com
Andrew Johnson,956,mailtestsonalbt@gmail.com
Andrew Owens,992,mailt.estsonalbt@gmail.com
Andrew Rowe,951,mailte.stsonalbt@gmail.com
Andrew Waters,969,mailtes.tsonalbt@gmail.com
Angel Brown,988,mailtest.sonalbt@gmail.com
Angel Morgan,618,mailtests.onalbt@gmail.com
Angel Thompson,790,mailtestso.nalbt@gmail.com
Angela Gamble,958,mailtestson.albt@gmail.com
Angela Hall,732,mailtestsona.lbt@gmail.com
Angela Wells,724,mailtestsonal.bt@gmail.com
Angela Yu,582,mailtestsonalb.t@gmail.com
Angelica Contreras,985,apoorvpandey@gmail.com
Ann Anderson,599,a.poorvpandey@gmail.com
Ann Lucas,991,ap.oorvpandey@gmail.com
Anna Carr,579,apo.orvpandey@gmail.com
Anna Smith,925,apoo.rvpandey@gmail.com
Annette Collins,932,apoor.vpandey@gmail.com
Annette Jones,938,apoorv.pandey@gmail.com
Anthony Bridges,885,apoorvp.andey@gmail.com
Anthony Gonzalez,770,apoorvpa.ndey@gmail.com
Anthony Guzman,971,apoorvpan.dey@gmail.com
Anthony Howard,817,apoorvpand.ey@gmail.com
Anthony Richmond,687,apoorvpande.y@gmail.com
Anthony Williams,580,sonalbt@gmail.com
Antonio Smith,569,sonalb.t@gmail.com
Arthur Jones,534,sonal.bt@gmail.com
Ashley Clark,956,sona.lbt@gmail.com
Ashley Hunter,511,son.albt@gmail.com
Ashley Johnson,609,so.nalbt@gmail.com
Ashley Keller,843,s.onalbt@gmail.com
Ashley King,684,mail.testsonalbt@gmail.com
Ashley Mahoney,773,m.ailtestsonalbt@gmail.com
Ashley Miller,724,ma.iltestsonalbt@gmail.com
Ashley Sherman,890,mai.ltestsonalbt@gmail.com
Audrey Ferguson,656,mailtestsonalbt@gmail.com
Austin Horn MD,808,mailt.estsonalbt@gmail.com
Austin Johnson,642,mailte.stsonalbt@gmail.com
Austin Obrien,937,mailtes.tsonalbt@gmail.com
Austin Porter,648,mailtest.sonalbt@gmail.com
Austin Stokes,834,mailtests.onalbt@gmail.com
Barbara Alexander,915,mailtestso.nalbt@gmail.com
Barbara Brown,570,mailtestson.albt@gmail.com
Barbara Harris,966,mailtestsona.lbt@gmail.com
Barbara Smith,964,mailtestsonal.bt@gmail.com
Benjamin Rodriguez,703,mailtestsonalb.t@gmail.com
Beverly Lozano,553,apoorvpandey@gmail.com
Bianca Webster,656,a.poorvpandey@gmail.com
Bobby Clark,575,ap.oorvpandey@gmail.com
Bonnie Barton,737,apo.orvpandey@gmail.com
Bonnie Cooper,707,apoo.rvpandey@gmail.com
Bonnie Jackson,850,apoor.vpandey@gmail.com
Bradley Cooper,561,apoorv.pandey@gmail.com
Bradley Lee,944,apoorvp.andey@gmail.com
Bradley Nelson,779,apoorvpa.ndey@gmail.com
Brandi Barber,591,apoorvpan.dey@gmail.com
Brandon Gentry,859,apoorvpand.ey@gmail.com
Brandon Griffin,837,apoorvpande.y@gmail.com
Brandon Hill,952,sonalbt@gmail.com
Brandon Jones,562,sonalb.t@gmail.com
Brandon Maddox,614,sonal.bt@gmail.com
Brandon Mckinney,965,sona.lbt@gmail.com
Brandon Murphy,588,son.albt@gmail.com
Brandon Romero,655,so.nalbt@gmail.com
Brandon Simmons,597,s.onalbt@gmail.com
Brandon Wilson,690,mail.testsonalbt@gmail.com
Brandy Jackson,894,m.ailtestsonalbt@gmail.com
Breanna Avila,829,ma.iltestsonalbt@gmail.com
Brenda Odonnell,656,mai.ltestsonalbt@gmail.com
Brenda Riley,571,mailtestsonalbt@gmail.com
Brent Greer,806,mailt.estsonalbt@gmail.com
Brian Baker,610,mailte.stsonalbt@gmail.com
Brian Benson,727,mailtes.tsonalbt@gmail.com
Brian Brooks,507,mailtest.sonalbt@gmail.com
Brian Chavez,956,mailtests.onalbt@gmail.com
Brian Cooper,543,mailtestso.nalbt@gmail.com
Brian Copeland,932,mailtestson.albt@gmail.com
Brian Daniels,881,mailtestsona.lbt@gmail.com
Brian Guerrero,764,mailtestsonal.bt@gmail.com
Brian Hale,507,mailtestsonalb.t@gmail.com
Brian Hicks,809,apoorvpandey@gmail.com
Brian Johnson,515,a.poorvpandey@gmail.com
Brian Martinez,854,ap.oorvpandey@gmail.com
Brian Murphy,706,apo.orvpandey@gmail.com
Brian Murray,868,apoo.rvpandey@gmail.com
Brian Stewart,519,apoor.vpandey@gmail.com
Brian Vargas,925,apoorv.pandey@gmail.com
Brian Wilson,761,apoorvp.andey@gmail.com
Brianna Keith,860,apoorvpa.ndey@gmail.com
Brianna Miller,514,apoorvpan.dey@gmail.com
Brianna Robertson,769,apoorvpand.ey@gmail.com
Bridget Brady,749,apoorvpande.y@gmail.com
Bridget Paul,876,sonalbt@gmail.com
Brittney Cunningham,812,sonalb.t@gmail.com
Brooke Aguilar,598,sonal.bt@gmail.com
Brooke Baker,887,sona.lbt@gmail.com
Brooke Jackson,977,son.albt@gmail.com
Brooke Patton,717,so.nalbt@gmail.com
Bryan Anderson,957,s.onalbt@gmail.com
Bryan Romero,730,mail.testsonalbt@gmail.com
Bryan Rowe,535,m.ailtestsonalbt@gmail.com
Bryce Moore,903,ma.iltestsonalbt@gmail.com
Calvin Hardy,894,mai.ltestsonalbt@gmail.com
Carla Thomas,653,mailtestsonalbt@gmail.com
Carla Wood,974,mailt.estsonalbt@gmail.com
Carlos Friedman,563,mailte.stsonalbt@gmail.com
Carol Christensen,585,mailtes.tsonalbt@gmail.com
Carol Coffey,774,mailtest.sonalbt@gmail.com
Carol Coleman,864,mailtests.onalbt@gmail.com
Carolyn Clements,535,mailtestso.nalbt@gmail.com
Carrie Clarke,631,mailtestson.albt@gmail.com
Carrie Jackson,591,mailtestsona.lbt@gmail.com
Carrie Palmer,771,mailtestsonal.bt@gmail.com
Casey Ortiz,950,mailtestsonalb.t@gmail.com
Cassandra Lara,875,apoorvpandey@gmail.com
Cassandra Stephens,997,a.poorvpandey@gmail.com
Catherine Daniels,691,ap.oorvpandey@gmail.com
Cathy Klein,852,apo.orvpandey@gmail.com
Chad Griffin,661,apoo.rvpandey@gmail.com
Chad Salazar,627,apoor.vpandey@gmail.com
Charles Bridges,870,apoorv.pandey@gmail.com
Charles Chapman,938,apoorvp.andey@gmail.com
Charles Espinoza,934,apoorvpa.ndey@gmail.com
Charles Nguyen,666,apoorvpan.dey@gmail.com
Charles Orozco,595,apoorvpand.ey@gmail.com
Charles Trevino,999,apoorvpande.y@gmail.com
Charles Vasquez,781,sonalbt@gmail.com
Charles Warren,912,sonalb.t@gmail.com
Charlotte Smith,641,sonal.bt@gmail.com
Chase Gonzalez,622,sona.lbt@gmail.com
Chelsea Burns,856,son.albt@gmail.com
Chelsea Martin,540,so.nalbt@gmail.com
Chelsea Mcguire,523,s.onalbt@gmail.com
Chelsea Nguyen,688,mail.testsonalbt@gmail.com
Chelsea Sanders,879,m.ailtestsonalbt@gmail.com
Cheryl Gibson,706,ma.iltestsonalbt@gmail.com
Cheyenne Turner,517,mai.ltestsonalbt@gmail.com
Christian Hernandez,973,mailtestsonalbt@gmail.com
Christian Moore,902,mailt.estsonalbt@gmail.com
Christian Ramirez,729,mailte.stsonalbt@gmail.com
Christina Castillo,722,mailtes.tsonalbt@gmail.com
Christina Clark,541,mailtest.sonalbt@gmail.com
Christina Dunn,876,mailtests.onalbt@gmail.com
Christina Gardner,516,mailtestso.nalbt@gmail.com
Christina Thomas,656,mailtestson.albt@gmail.com
Christine Andrews,755,mailtestsona.lbt@gmail.com
Christine Henderson,596,mailtestsonal.bt@gmail.com
Christine Herrera,661,mailtestsonalb.t@gmail.com
Christine Olsen,554,apoorvpandey@gmail.com
Christine Ruiz,552,a.poorvpandey@gmail.com
Christine Sanders,991,ap.oorvpandey@gmail.com
Christopher Brooks,871,apo.orvpandey@gmail.com
Christopher Brown III,791,apoo.rvpandey@gmail.com
Christopher Burton,839,apoor.vpandey@gmail.com
Christopher Carr,554,apoorv.pandey@gmail.com
Christopher Conrad,699,apoorvp.andey@gmail.com
Christopher Forbes,648,apoorvpa.ndey@gmail.com
Christopher Griffin,843,apoorvpan.dey@gmail.com
Christopher Henry,858,apoorvpand.ey@gmail.com
Christopher Jacobson,687,apoorvpande.y@gmail.com
Christopher Landry,717,sonalbt@gmail.com
Christopher Lee,574,sonalb.t@gmail.com
Christopher Lynch,578,sonal.bt@gmail.com
Christopher Martinez,559,sona.lbt@gmail.com
Christopher Rivers,554,son.albt@gmail.com
Christopher Wallace,923,so.nalbt@gmail.com
Clarence Murphy,501,s.onalbt@gmail.com
Clinton Marshall,953,mail.testsonalbt@gmail.com
Cody Brown,640,m.ailtestsonalbt@gmail.com
Cody Stevens,571,ma.iltestsonalbt@gmail.com
Colleen Lopez,611,mai.ltestsonalbt@gmail.com
Colleen Vargas,513,mailtestsonalbt@gmail.com
Colton Day,585,mailt.estsonalbt@gmail.com
Connie Holmes,794,mailte.stsonalbt@gmail.com
Corey Walton,822,mailtes.tsonalbt@gmail.com
Courtney Clark,924,mailtest.sonalbt@gmail.com
Courtney Dorsey,720,mailtests.onalbt@gmail.com
Courtney Nelson,923,mailtestso.nalbt@gmail.com
Crystal Becker,866,mailtestson.albt@gmail.com
Crystal Colon,693,mailtestsona.lbt@gmail.com
Crystal Davis,621,mailtestsonal.bt@gmail.com
Crystal Lee,953,mailtestsonalb.t@gmail.com
Crystal Morris,851,apoorvpandey@gmail.com
Crystal Olson,891,a.poorvpandey@gmail.com
Crystal Roberts,645,ap.oorvpandey@gmail.com
Curtis Hardy,774,apo.orvpandey@gmail.com
Curtis Nixon,826,apoo.rvpandey@gmail.com
Cynthia Hall,761,apoor.vpandey@gmail.com
Cynthia Hoffman,774,apoorv.pandey@gmail.com
Cynthia Martin,921,apoorvp.andey@gmail.com
Dale Smith,975,apoorvpa.ndey@gmail.com
Dalton Eaton,516,apoorvpan.dey@gmail.com
Dalton Martin,578,apoorvpand.ey@gmail.com
Damon Sherman,780,apoorvpande.y@gmail.com
Dana Robinson,616,sonalbt@gmail.com
Daniel Carpenter,979,sonalb.t@gmail.com
Daniel Cortez,692,sonal.bt@gmail.com
Daniel Morales,550,sona.lbt@gmail.com
Daniel Nunez,691,son.albt@gmail.com
Daniel Reynolds,504,so.nalbt@gmail.com
Daniel Velez,692,s.onalbt@gmail.com
Danielle Moore,866,mail.testsonalbt@gmail.com
Danielle Moreno,548,m.ailtestsonalbt@gmail.com
Danny Diaz,624,ma.iltestsonalbt@gmail.com
Danny Gates,834,mai.ltestsonalbt@gmail.com
David Anderson,897,mailtestsonalbt@gmail.com
David Barnes,821,mailt.estsonalbt@gmail.com
David Clark,726,mailte.stsonalbt@gmail.com
David Flores,708,mailtes.tsonalbt@gmail.com
David Hall,870,mailtest.sonalbt@gmail.com
David Harris,976,mailtests.onalbt@gmail.com
David Jackson,769,mailtestso.nalbt@gmail.com
David Lopez,520,mailtestson.albt@gmail.com
David Miranda,897,mailtestsona.lbt@gmail.com
David Parsons,995,mailtestsonal.bt@gmail.com
David Scott,663,mailtestsonalb.t@gmail.com
David Taylor,619,apoorvpandey@gmail.com
David Vaughn,508,a.poorvpandey@gmail.com
Dawn Adams,812,ap.oorvpandey@gmail.com
Deanna Allen,731,apo.orvpandey@gmail.com
Deborah Flores,808,apoo.rvpandey@gmail.com
Deborah Harris,666,apoor.vpandey@gmail.com
Deborah Roberts,501,apoorv.pandey@gmail.com
Debra Clark,969,apoorvp.andey@gmail.com
Debra Daniel,951,apoorvpa.ndey@gmail.com
Denise Hubbard,824,apoorvpan.dey@gmail.com
Derek Faulkner,737,apoorvpand.ey@gmail.com
Desiree Williams,804,apoorvpande.y@gmail.com
Destiny Schmidt,611,sonalbt@gmail.com
Diamond Alvarez,892,sonalb.t@gmail.com
Diana Davis,768,sonal.bt@gmail.com
Diana Weber,668,sona.lbt@gmail.com
Diane Cooper,759,son.albt@gmail.com
Diane Foster,560,so.nalbt@gmail.com
Diane Rivera,801,s.onalbt@gmail.com
Dillon Adams,525,mail.testsonalbt@gmail.com
Dominic Cox,616,m.ailtestsonalbt@gmail.com
Dominic Stewart,923,ma.iltestsonalbt@gmail.com
Donna Hawkins,777,mai.ltestsonalbt@gmail.com
Donna Houston,924,mailtestsonalbt@gmail.com
Donna Moore,896,mailt.estsonalbt@gmail.com
Donna Perez,894,mailte.stsonalbt@gmail.com
Donna Sanchez,550,mailtes.tsonalbt@gmail.com
Douglas Gonzalez,789,mailtest.sonalbt@gmail.com
Douglas Gonzalez,567,mailtests.onalbt@gmail.com
Douglas Oconnor,659,mailtestso.nalbt@gmail.com
Dr. Anita Rodriguez,552,mailtestson.albt@gmail.com
Dr. Bryce Jones,827,mailtestsona.lbt@gmail.com
Dr. Derek Hughes,924,mailtestsonal.bt@gmail.com
Dr. Jeffery English V,965,mailtestsonalb.t@gmail.com
Dr. John Russo,732,apoorvpandey@gmail.com
Dr. Juan Warren,515,a.poorvpandey@gmail.com
Dr. Peter Garcia,880,ap.oorvpandey@gmail.com
Dr. Timothy Miles DDS,822,apo.orvpandey@gmail.com
Dr. Vanessa Kelly MD,644,apoo.rvpandey@gmail.com
Dr. Wendy Tucker,754,apoor.vpandey@gmail.com
Drew Williams,790,apoorv.pandey@gmail.com
Duane Short,655,apoorvp.andey@gmail.com
Dylan Collins,800,apoorvpa.ndey@gmail.com
Eddie Mitchell,537,apoorvpan.dey@gmail.com
Eileen Lewis,545,apoorvpand.ey@gmail.com
Elizabeth Johnson,899,apoorvpande.y@gmail.com
Elizabeth King,712,sonalbt@gmail.com
Elizabeth Lopez,647,sonalb.t@gmail.com
Elizabeth Morgan,669,sonal.bt@gmail.com
Elizabeth Thompson,896,sona.lbt@gmail.com
Emily Anderson,960,son.albt@gmail.com
Emily Barrett,686,so.nalbt@gmail.com
Emily Boyd,695,s.onalbt@gmail.com
Emily Case MD,921,mail.testsonalbt@gmail.com
Emily Martinez,743,m.ailtestsonalbt@gmail.com
Emily Rowe,878,ma.iltestsonalbt@gmail.com
Emily Walker,854,mai.ltestsonalbt@gmail.com
Emily Wright,945,mailtestsonalbt@gmail.com
Emma Smith,917,mailt.estsonalbt@gmail.com
Eric Mcclain,712,mailte.stsonalbt@gmail.com
Eric Miller,956,mailtes.tsonalbt@gmail.com
Eric Randall,580,mailtest.sonalbt@gmail.com
Eric Smith,838,mailtests.onalbt@gmail.com
Eric Smith,995,mailtestso.nalbt@gmail.com
Eric Walker,935,mailtestson.albt@gmail.com
Erica Martin,518,mailtestsona.lbt@gmail.com
Erik Beard,601,mailtestsonal.bt@gmail.com
Erik Walker,996,mailtestsonalb.t@gmail.com
Erika Porter,916,apoorvpandey@gmail.com
Erin Ramsey,976,a.poorvpandey@gmail.com
Erin Thomas,821,ap.oorvpandey@gmail.com
Erin Wyatt,829,apo.orvpandey@gmail.com
Ernest Humphrey,645,apoo.rvpandey@gmail.com
Ethan Scott,664,apoor.vpandey@gmail.com
Ethan Suarez,735,apoorv.pandey@gmail.com
Evan Skinner,801,apoorvp.andey@gmail.com
Evan Washington,823,apoorvpa.ndey@gmail.com
Frank Garcia,923,apoorvpan.dey@gmail.com
Fred Khan,652,apoorvpand.ey@gmail.com
Gabriel Ramirez,549,apoorvpande.y@gmail.com
Gabriella Torres,924,sonalbt@gmail.com
Gary Sheppard,758,sonalb.t@gmail.com
George Clements,855,sonal.bt@gmail.com
George Lopez,976,sona.lbt@gmail.com
George Morris,994,son.albt@gmail.com
George Richmond,676,so.nalbt@gmail.com
George Rodgers,736,s.onalbt@gmail.com
George Terry,696,mail.testsonalbt@gmail.com
Gerald Duncan,900,m.ailtestsonalbt@gmail.com
Gerald Harrison,928,ma.iltestsonalbt@gmail.com
Glenda Lee,861,mai.ltestsonalbt@gmail.com
Glenn Vaughn,579,mailtestsonalbt@gmail.com
Gloria Mccoy DDS,835,mailt.estsonalbt@gmail.com
Gloria Ramos,613,mailte.stsonalbt@gmail.com
Gordon Sims,800,mailtes.tsonalbt@gmail.com
Gregory Brewer,531,mailtest.sonalbt@gmail.com
Gregory Hayes,826,mailtests.onalbt@gmail.com
Gregory Keith,991,mailtestso.nalbt@gmail.com
Hailey Carson,857,mailtestson.albt@gmail.com
Haley Johnston,692,mailtestsona.lbt@gmail.com
Hayden Lopez,758,mailtestsonal.bt@gmail.com
Heather Bridges,842,mailtestsonalb.t@gmail.com
Heather Grant,931,apoorvpandey@gmail.com
Heather Harris,894,a.poorvpandey@gmail.com
Heather Rivers,786,ap.oorvpandey@gmail.com
Henry Moore,801,apo.orvpandey@gmail.com
Holly Mcdonald,634,apoo.rvpandey@gmail.com
Holly Shaffer,773,apoor.vpandey@gmail.com
Holly Sullivan,750,apoorv.pandey@gmail.com
Holly Williams,880,apoorvp.andey@gmail.com
Hunter Kelly,896,apoorvpa.ndey@gmail.com
Ian Warren,968,apoorvpan.dey@gmail.com
Isaiah Ruiz,916,apoorvpand.ey@gmail.com
Jackie Howell,756,apoorvpande.y@gmail.com
Jacob Davidson,521,sonalbt@gmail.com
Jacob Mcdaniel,700,sonalb.t@gmail.com
Jacob Smith,933,sonal.bt@gmail.com
Jacqueline Beck,807,sona.lbt@gmail.com
James Andrews,837,son.albt@gmail.com
James Chambers,919,so.nalbt@gmail.com
James Dorsey,843,s.onalbt@gmail.com
James Dunn,918,mail.testsonalbt@gmail.com
James French,888,m.ailtestsonalbt@gmail.com
James Garcia,718,ma.iltestsonalbt@gmail.com
James Garcia,754,mai.ltestsonalbt@gmail.com
James Giles,523,mailtestsonalbt@gmail.com
James Good,906,mailt.estsonalbt@gmail.com
James Jimenez,642,mailte.stsonalbt@gmail.com
James Macdonald,655,mailtes.tsonalbt@gmail.com
James Moon,611,mailtest.sonalbt@gmail.com
James Smith,775,mailtests.onalbt@gmail.com
James Tyler,592,mailtestso.nalbt@gmail.com
James Walker,825,mailtestson.albt@gmail.com
James West,651,mailtestsona.lbt@gmail.com
James Wright,541,mailtestsonal.bt@gmail.com
Jamie Smith,648,mailtestsonalb.t@gmail.com
Jamie Smith,711,apoorvpandey@gmail.com
Jamie Thompson,642,a.poorvpandey@gmail.com
Jane Gonzalez,879,ap.oorvpandey@gmail.com
Jared Perez,910,apo.orvpandey@gmail.com
Jared Robinson,916,apoo.rvpandey@gmail.com
Jasmine Johnson,519,apoor.vpandey@gmail.com
Jasmine Stevens,697,apoorv.pandey@gmail.com
Jason Fowler,983,apoorvp.andey@gmail.com
Jason Garrett,612,apoorvpa.ndey@gmail.com
Jason Gordon,547,apoorvpan.dey@gmail.com
Jason Lopez,818,apoorvpand.ey@gmail.com
Jason Patterson,746,apoorvpande.y@gmail.com
Jason Reeves,897,sonalbt@gmail.com
Jason Ross,969,sonalb.t@gmail.com
Jeff Christian,620,sonal.bt@gmail.com
Jeff Stewart,661,sona.lbt@gmail.com
Jeffery Frazier,998,son.albt@gmail.com
Jeffery Thompson,770,so.nalbt@gmail.com
Jeffrey Barnes,974,s.onalbt@gmail.com
Jeffrey Gardner,545,mail.testsonalbt@gmail.com
Jeffrey Martin,693,m.ailtestsonalbt@gmail.com
Jeffrey Smith,533,ma.iltestsonalbt@gmail.com
Jenna Hernandez,873,mai.ltestsonalbt@gmail.com
Jenna Stewart,527,mailtestsonalbt@gmail.com
Jennifer Atkinson,933,mailt.estsonalbt@gmail.com
Jennifer Becker,676,mailte.stsonalbt@gmail.com
Jennifer Best,978,mailtes.tsonalbt@gmail.com
Jennifer Chan,694,mailtest.sonalbt@gmail.com
Jennifer Frazier,910,mailtests.onalbt@gmail.com
Jennifer Gordon,684,mailtestso.nalbt@gmail.com
Jennifer Harvey,929,mailtestson.albt@gmail.com
Jennifer Kennedy MD,504,mailtestsona.lbt@gmail.com
Jennifer Morris,915,mailtestsonal.bt@gmail.com
Jennifer Odom,501,mailtestsonalb.t@gmail.com
Jennifer Reed,607,apoorvpandey@gmail.com
Jennifer Rush,868,a.poorvpandey@gmail.com
Jennifer Sanders,923,ap.oorvpandey@gmail.com
Jennifer Smith,630,apo.orvpandey@gmail.com
Jennifer Stewart,993,apoo.rvpandey@gmail.com
Jenny Taylor,918,apoor.vpandey@gmail.com
Jeremy Adams,818,apoorv.pandey@gmail.com
Jeremy Gray,954,apoorvp.andey@gmail.com
Jeremy Lewis,910,apoorvpa.ndey@gmail.com
Jerry Jones,614,apoorvpan.dey@gmail.com
Jerry Long,578,apoorvpand.ey@gmail.com
Jerry Taylor,970,apoorvpande.y@gmail.com
Jesse Gonzalez,859,sonalbt@gmail.com
Jessica Flores,783,sonalb.t@gmail.com
Jessica Gomez,696,sonal.bt@gmail.com
Jessica Green,790,sona.lbt@gmail.com
Jessica Kennedy,745,son.albt@gmail.com
Jessica Nelson,884,so.nalbt@gmail.com
Jessica Schultz,928,s.onalbt@gmail.com
Jessica Velazquez,572,mail.testsonalbt@gmail.com
Jessica Webster,619,m.ailtestsonalbt@gmail.com
Jesus Mccoy,678,ma.iltestsonalbt@gmail.com
Jill Austin,651,mai.ltestsonalbt@gmail.com
Jill Cox,682,mailtestsonalbt@gmail.com
Jill Decker,642,mailt.estsonalbt@gmail.com
Jimmy Shepard,661,mailte.stsonalbt@gmail.com
Joann Valencia,618,mailtes.tsonalbt@gmail.com
Joanna Hodges,789,mailtest.sonalbt@gmail.com
Joe Anderson,708,mailtests.onalbt@gmail.com
Joel Clark MD,967,mailtestso.nalbt@gmail.com
Joel Deleon,618,mailtestson.albt@gmail.com
John Castillo,602,mailtestsona.lbt@gmail.com
John Hernandez,913,mailtestsonal.bt@gmail.com
John Joseph,723,mailtestsonalb.t@gmail.com
John Palmer,981,apoorvpandey@gmail.com
John Petty,707,a.poorvpandey@gmail.com
John Reynolds,578,ap.oorvpandey@gmail.com
John Schultz,769,apo.orvpandey@gmail.com
John Walker,522,apoo.rvpandey@gmail.com
John Webster,606,apoor.vpandey@gmail.com
John Wheeler,913,apoorv.pandey@gmail.com
Johnny Anderson,872,apoorvp.andey@gmail.com
Jon Warner,644,apoorvpa.ndey@gmail.com
Jonathan Barajas,566,apoorvpan.dey@gmail.com
Jonathan Barrera,934,apoorvpand.ey@gmail.com
Jonathan Bray,669,apoorvpande.y@gmail.com
Jonathan Edwards,795,sonalbt@gmail.com
Jonathan Nelson,742,sonalb.t@gmail.com
Jonathan Noble,744,sonal.bt@gmail.com
Jonathan Price,535,sona.lbt@gmail.com
Jonathan Rasmussen,810,son.albt@gmail.com
Jorge Meyer,529,so.nalbt@gmail.com
Jose Bridges,735,s.onalbt@gmail.com
Jose Sanchez,795,mail.testsonalbt@gmail.com
Jose Sheppard,839,m.ailtestsonalbt@gmail.com
Joseph Arroyo,776,ma.iltestsonalbt@gmail.com
Joseph Howe,867,mai.ltestsonalbt@gmail.com
Joseph Hudson,842,mailtestsonalbt@gmail.com
Joseph Jones,542,mailt.estsonalbt@gmail.com
Joseph Kramer,743,mailte.stsonalbt@gmail.com
Joseph Maddox,545,mailtes.tsonalbt@gmail.com
Joseph Martinez,741,mailtest.sonalbt@gmail.com
Joseph Middleton,759,mailtests.onalbt@gmail.com
Joseph Morgan,544,mailtestso.nalbt@gmail.com
Joseph Nguyen,927,mailtestson.albt@gmail.com
Joseph Pitts,755,mailtestsona.lbt@gmail.com
Joseph Ramirez,876,mailtestsonal.bt@gmail.com
Joseph Ramsey,720,mailtestsonalb.t@gmail.com
Joseph Snyder,706,apoorvpandey@gmail.com
Joseph Torres,811,a.poorvpandey@gmail.com
Joseph Weber,651,ap.oorvpandey@gmail.com
Joseph Wilson,681,apo.orvpandey@gmail.com
Joshua Edwards,733,apoo.rvpandey@gmail.com
Joshua Fleming,500,apoor.vpandey@gmail.com
Joshua Henderson,885,apoorv.pandey@gmail.com
Joshua Holmes,884,apoorvp.andey@gmail.com
Joshua Howard,594,apoorvpa.ndey@gmail.com
Joshua Ross,993,apoorvpan.dey@gmail.com
Joshua Young,685,apoorvpand.ey@gmail.com
Joy Martin,753,apoorvpande.y@gmail.com
Juan Garcia,855,sonalbt@gmail.com
Juan Green,805,sonalb.t@gmail.com
Julie Chapman,740,sonal.bt@gmail.com
Julie Harris,536,sona.lbt@gmail.com
Julie Owens,520,son.albt@gmail.com
Julie Snyder,671,so.nalbt@gmail.com
Julie Spears,772,s.onalbt@gmail.com
Julie Williams,543,mail.testsonalbt@gmail.com
Justin Hernandez,930,m.ailtestsonalbt@gmail.com
Justin Lang,515,ma.iltestsonalbt@gmail.com
Justin Leonard,748,mai.ltestsonalbt@gmail.com
Justin Reed,565,mailtestsonalbt@gmail.com
Justin Smith,956,mailt.estsonalbt@gmail.com
Justin Smith,859,mailte.stsonalbt@gmail.com
Justin Stone,833,mailtes.tsonalbt@gmail.com
Kaitlyn Hudson,804,mailtest.sonalbt@gmail.com
Kara Pham,961,mailtests.onalbt@gmail.com
Karen Riley,764,mailtestso.nalbt@gmail.com
Karen Stafford,779,mailtestson.albt@gmail.com
Karla Clayton,695,mailtestsona.lbt@gmail.com
Katelyn Mayer,699,mailtestsonal.bt@gmail.com
Katherine Bowen,707,mailtestsonalb.t@gmail.com
Katherine Davis,581,apoorvpandey@gmail.com
Katherine Hodges,977,a.poorvpandey@gmail.com
Katherine Odom,552,ap.oorvpandey@gmail.com
Katherine Smith,893,apo.orvpandey@gmail.com
Kathleen Long,679,apoo.rvpandey@gmail.com
Kathleen Richardson,564,apoor.vpandey@gmail.com
Kathleen Thompson,998,apoorv.pandey@gmail.com
Kathryn Gray,711,apoorvp.andey@gmail.com
Kathy Arroyo,772,apoorvpa.ndey@gmail.com
Katrina Owens,516,apoorvpan.dey@gmail.com
Kayla Moran,688,apoorvpand.ey@gmail.com
Kaylee Hill,956,apoorvpande.y@gmail.com
Keith Chapman,614,sonalbt@gmail.com
Kelly Anderson,763,sonalb.t@gmail.com
Kelly Benitez,745,sonal.bt@gmail.com
Kelly Dickson,908,sona.lbt@gmail.com
Kelly Francis,718,son.albt@gmail.com
Kelly Henry,629,so.nalbt@gmail.com
Kelly Johnson,754,s.onalbt@gmail.com
Kelly Phillips,696,mail.testsonalbt@gmail.com
Kelly Simon,868,m.ailtestsonalbt@gmail.com
Kelly Wilson,901,ma.iltestsonalbt@gmail.com
Kenneth Mason,794,mai.ltestsonalbt@gmail.com
Kenneth Taylor,873,mailtestsonalbt@gmail.com
Kevin Abbott,922,mailt.estsonalbt@gmail.com
Kevin Chavez,558,mailte.stsonalbt@gmail.com
Kevin Jarvis,706,mailtes.tsonalbt@gmail.com
Kevin Nelson,582,mailtest.sonalbt@gmail.com
Kevin Petersen,980,mailtests.onalbt@gmail.com
Kevin Peterson,701,mailtestso.nalbt@gmail.com
Kevin Smith,515,mailtestson.albt@gmail.com
Kevin Thomas,727,mailtestsona.lbt@gmail.com
Kevin Vasquez,922,mailtestsonal.bt@gmail.com
Kiara Delacruz,798,mailtestsonalb.t@gmail.com
Kim Thompson,690,apoorvpandey@gmail.com
Kimberly Archer,737,a.poorvpandey@gmail.com
Kimberly Bowen,818,ap.oorvpandey@gmail.com
Kimberly Grant,520,apo.orvpandey@gmail.com
Kimberly Hamilton,939,apoo.rvpandey@gmail.com
Kimberly Oliver,992,apoor.vpandey@gmail.com
Kimberly Richardson,568,apoorv.pandey@gmail.com
Kimberly Thompson,921,apoorvp.andey@gmail.com
Kimberly Travis,1000,apoorvpa.ndey@gmail.com
Kirk Waters,845,apoorvpan.dey@gmail.com
Kirsten Turner,794,apoorvpand.ey@gmail.com
Kristen Collins,581,apoorvpande.y@gmail.com
Kristen Meyer,907,sonalbt@gmail.com
Kristen Sanchez,778,sonalb.t@gmail.com
Kristen Sanchez,726,sonal.bt@gmail.com
Kristi Rogers,834,sona.lbt@gmail.com
Kristin Wilcox,517,son.albt@gmail.com
Kristina Jackson,852,so.nalbt@gmail.com
Kristina Ruiz,851,s.onalbt@gmail.com
Kristina Thomas,963,mail.testsonalbt@gmail.com
Kyle Ball,544,m.ailtestsonalbt@gmail.com
Kyle Smith,853,ma.iltestsonalbt@gmail.com
Kyle Yang,837,mai.ltestsonalbt@gmail.com
Larry Smith,935,mailtestsonalbt@gmail.com
Larry Taylor,912,mailt.estsonalbt@gmail.com
Latoya Hartman,506,mailte.stsonalbt@gmail.com
Laura Allen,775,mailtes.tsonalbt@gmail.com
Laura Bailey,638,mailtest.sonalbt@gmail.com
Laura Vasquez,937,mailtests.onalbt@gmail.com
Lauren Barry,642,mailtestso.nalbt@gmail.com
Lauren Cooke,863,mailtestson.albt@gmail.com
Lauren Rios,661,mailtestsona.lbt@gmail.com
Laurie Adams,523,mailtestsonal.bt@gmail.com
Laurie Moore,518,mailtestsonalb.t@gmail.com
Leah Thomas,786,apoorvpandey@gmail.com
Leah Williams,716,a.poorvpandey@gmail.com
Lee Riggs,968,ap.oorvpandey@gmail.com
Leslie Chapman,746,apo.orvpandey@gmail.com
Leslie Hardin,761,apoo.rvpandey@gmail.com
Levi Butler,581,apoor.vpandey@gmail.com
Linda Chambers,792,apoorv.pandey@gmail.com
Linda Jones,689,apoorvp.andey@gmail.com
Linda Murphy,569,apoorvpa.ndey@gmail.com
Linda Newton,699,apoorvpan.dey@gmail.com
Linda Ruiz,922,apoorvpand.ey@gmail.com
Linda Wilson,761,apoorvpande.y@gmail.com
Lindsay Jackson,579,sonalbt@gmail.com
Lindsay Jones,557,sonalb.t@gmail.com
Lindsey Butler,674,sonal.bt@gmail.com
Lisa Clark,935,sona.lbt@gmail.com
Lisa Cuevas,981,son.albt@gmail.com
Lisa Dunn,543,so.nalbt@gmail.com
Lisa Glover,759,s.onalbt@gmail.com
Lisa Lewis,895,mail.testsonalbt@gmail.com
Lisa Reid,759,m.ailtestsonalbt@gmail.com
Logan Espinoza,814,ma.iltestsonalbt@gmail.com
Loretta Ramos,627,mai.ltestsonalbt@gmail.com
Lori Martin,985,mailtestsonalbt@gmail.com
Lori Tapia,716,mailt.estsonalbt@gmail.com
Lori Warren,818,mailte.stsonalbt@gmail.com
Luis Greer,682,mailtes.tsonalbt@gmail.com
Madison Lane,616,mailtest.sonalbt@gmail.com
Makayla Lee,673,mailtests.onalbt@gmail.com
Marc Armstrong,652,mailtestso.nalbt@gmail.com
Marcus Smith,635,mailtestson.albt@gmail.com
Marcus Wood,740,mailtestsona.lbt@gmail.com
Margaret Andrews,838,mailtestsonal.bt@gmail.com
Margaret Garcia,676,mailtestsonalb.t@gmail.com
Maria Potts,991,apoorvpandey@gmail.com
Maria Williams,554,a.poorvpandey@gmail.com
Marilyn Nash,930,ap.oorvpandey@gmail.com
Mark Blackwell,1000,apo.orvpandey@gmail.com
Mark Day,727,apoo.rvpandey@gmail.com
Mark Faulkner,869,apoor.vpandey@gmail.com
Mark Graves,559,apoorv.pandey@gmail.com
Mark Hansen,706,apoorvp.andey@gmail.com
Mark Mcguire,848,apoorvpa.ndey@gmail.com
Mark Parks,580,apoorvpan.dey@gmail.com
Mark Reed,566,apoorvpand.ey@gmail.com
Mark Walker,799,apoorvpande.y@gmail.com
Mark Walton,520,sonalbt@gmail.com
Martha Gardner,959,sonalb.t@gmail.com
Martha Madden,881,sonal.bt@gmail.com
Martin Price,821,sona.lbt@gmail.com
Mary Anderson,945,son.albt@gmail.com
Mary Baldwin,856,so.nalbt@gmail.com
Mary Clarke,535,s.onalbt@gmail.com
Mary Harris,569,mail.testsonalbt@gmail.com
Mary Howard,513,m.ailtestsonalbt@gmail.com
Mary Jacobson,736,ma.iltestsonalbt@gmail.com
Mary Lee,678,mai.ltestsonalbt@gmail.com
Mary Strickland,641,mailtestsonalbt@gmail.com
Matthew Arnold,659,mailt.estsonalbt@gmail.com
Matthew Bridges,864,mailte.stsonalbt@gmail.com
Matthew Grimes,908,mailtes.tsonalbt@gmail.com
Matthew Harmon,936,mailtest.sonalbt@gmail.com
Matthew Love,902,mailtests.onalbt@gmail.com
Matthew Riggs,999,mailtestso.nalbt@gmail.com
Matthew Sanders,767,mailtestson.albt@gmail.com
Matthew Sherman,745,mailtestsona.lbt@gmail.com
Matthew Taylor,655,mailtestsonal.bt@gmail.com
Matthew Walters,671,mailtestsonalb.t@gmail.com
Matthew Williams,887,apoorvpandey@gmail.com
Meagan Fischer,592,a.poorvpandey@gmail.com
Megan Wilson,864,ap.oorvpandey@gmail.com
Megan Wilson,803,apo.orvpandey@gmail.com
Meghan Hernandez,533,apoo.rvpandey@gmail.com
Melanie Johnson,527,apoor.vpandey@gmail.com
Melanie Mendoza,953,apoorv.pandey@gmail.com
Melinda Roberson,528,apoorvp.andey@gmail.com
Melinda Velez,669,apoorvpa.ndey@gmail.com
Melissa Campbell,638,apoorvpan.dey@gmail.com
Melissa Castillo,759,apoorvpand.ey@gmail.com
Melissa Clark,530,apoorvpande.y@gmail.com
Melissa Davis,907,sonalbt@gmail.com
Melissa Guzman,940,sonalb.t@gmail.com
Melissa Harris,554,sonal.bt@gmail.com
Melissa Kirby,800,sona.lbt@gmail.com
Melissa Nguyen,576,son.albt@gmail.com
Melissa Robinson,683,so.nalbt@gmail.com
Michael Baker,726,s.onalbt@gmail.com
Michael Bryant,911,mail.testsonalbt@gmail.com
Michael Camacho,792,m.ailtestsonalbt@gmail.com
Michael Carrillo,841,ma.iltestsonalbt@gmail.com
Michael Clark,518,mai.ltestsonalbt@gmail.com
Michael Dawson,952,mailtestsonalbt@gmail.com
Michael Evans,777,mailt.estsonalbt@gmail.com
Michael Howard,904,mailte.stsonalbt@gmail.com
Michael Huerta,713,mailtes.tsonalbt@gmail.com
Michael Keith,948,mailtest.sonalbt@gmail.com
Michael Kennedy,757,mailtests.onalbt@gmail.com
Michael Landry,887,mailtestso.nalbt@gmail.com
Michael Lane,728,mailtestson.albt@gmail.com
Michael Lane,668,mailtestsona.lbt@gmail.com
Michael Lewis,623,mailtestsonal.bt@gmail.com
Michael Martin,515,mailtestsonalb.t@gmail.com
Michael Martinez,522,apoorvpandey@gmail.com
Michael May,665,a.poorvpandey@gmail.com
Michael Miles,974,ap.oorvpandey@gmail.com
Michael Patel,950,apo.orvpandey@gmail.com
Michael Reed,770,apoo.rvpandey@gmail.com
Michael Ross,576,apoor.vpandey@gmail.com
Michael Sanchez,960,apoorv.pandey@gmail.com
Michael Smith,751,apoorvp.andey@gmail.com
Michael White,610,apoorvpa.ndey@gmail.com
Michael Wright,944,apoorvpan.dey@gmail.com
Micheal Holt,569,apoorvpand.ey@gmail.com
Michelle Brown,824,apoorvpande.y@gmail.com
Michelle Evans,913,sonalbt@gmail.com
Michelle Hunt,982,sonalb.t@gmail.com
Michelle Jones,565,sonal.bt@gmail.com
Michelle Lawson,876,sona.lbt@gmail.com
Michelle Moore,906,son.albt@gmail.com
Michelle Moore,589,so.nalbt@gmail.com
Michelle Rios,996,s.onalbt@gmail.com
Michelle Snow,735,mail.testsonalbt@gmail.com
Michelle Underwood,605,m.ailtestsonalbt@gmail.com
Michelle Young,998,ma.iltestsonalbt@gmail.com
Miguel Oneal,574,mai.ltestsonalbt@gmail.com
Mike Roberts,677,mailtestsonalbt@gmail.com
Miranda Jones,733,mailt.estsonalbt@gmail.com
Monica Brown,843,mailte.stsonalbt@gmail.com
Monica Jones,568,mailtes.tsonalbt@gmail.com
Monique Lewis,923,mailtest.sonalbt@gmail.com
Morgan Cooper,518,mailtests.onalbt@gmail.com
Morgan Sexton,609,mailtestso.nalbt@gmail.com
Mr. Adam Owens MD,568,mailtestson.albt@gmail.com
Mr. Alec Watkins,891,mailtestsona.lbt@gmail.com
Mr. Charles Evans,519,mailtestsonal.bt@gmail.com
Mr. Jon Shepherd MD,650,mailtestsonalb.t@gmail.com
Mr. Mathew Murphy,954,apoorvpandey@gmail.com
Mr. Willie Garcia,757,a.poorvpandey@gmail.com
Mrs. Brittany Williams DDS,986,ap.oorvpandey@gmail.com
Mrs. Cindy Porter DVM,781,apo.orvpandey@gmail.com
Mrs. Katie Cole,824,apoo.rvpandey@gmail.com
Mrs. Kimberly Patel,640,apoor.vpandey@gmail.com
Mrs. Stephanie Miranda,967,apoorv.pandey@gmail.com
Ms. Laura Schroeder,660,apoorvp.andey@gmail.com
Nancy Black,771,apoorvpa.ndey@gmail.com
Nancy Serrano,972,apoorvpan.dey@gmail.com
Natalie Bowen,702,apoorvpand.ey@gmail.com
Natalie Burgess,944,apoorvpande.y@gmail.com
Natalie Herrera,520,sonalbt@gmail.com
Nathan Campbell,960,sonalb.t@gmail.com
Nathan Wagner,538,sonal.bt@gmail.com
Nicholas Ingram,594,sona.lbt@gmail.com
Nicholas Martin,969,son.albt@gmail.com
Nicholas Mckee,500,so.nalbt@gmail.com
Nicholas Shaw,796,s.onalbt@gmail.com
Nicholas Williams,610,mail.testsonalbt@gmail.com
Nicholas Wilson,544,m.ailtestsonalbt@gmail.com
Nichole Ford,663,ma.iltestsonalbt@gmail.com
Nicole Cordova,754,mai.ltestsonalbt@gmail.com
Nicole Watson,765,mailtestsonalbt@gmail.com
Nicole Woods,737,mailt.estsonalbt@gmail.com
Norman Erickson,714,mailte.stsonalbt@gmail.com
Omar Watson,525,mailtes.tsonalbt@gmail.com
Pamela Fitzgerald,934,mailtest.sonalbt@gmail.com
Pamela Jones,789,mailtests.onalbt@gmail.com
Pamela Powers,571,mailtestso.nalbt@gmail.com
Pamela Williams,737,mailtestson.albt@gmail.com
Parker Arnold,613,mailtestsona.lbt@gmail.com
Patricia Elliott,589,mailtestsonal.bt@gmail.com
Patricia Mcconnell,793,mailtestsonalb.t@gmail.com
Patricia Padilla,503,apoorvpandey@gmail.com
Patrick Martin,924,a.poorvpandey@gmail.com
Patrick Martin,781,ap.oorvpandey@gmail.com
Patrick Ramirez,624,apo.orvpandey@gmail.com
Patrick Rice,935,apoo.rvpandey@gmail.com
Patrick Stein,651,apoor.vpandey@gmail.com
Paul Davila,988,apoorv.pandey@gmail.com
Paul Espinoza,834,apoorvp.andey@gmail.com
Paul Fox,793,apoorvpa.ndey@gmail.com
Paul Maynard,810,apoorvpan.dey@gmail.com
Paul Parsons,871,apoorvpand.ey@gmail.com
Paul Sanchez,698,apoorvpande.y@gmail.com
Paul Wilson,641,sonalbt@gmail.com
Paula Bennett,763,sonalb.t@gmail.com
Paula Wood,759,sonal.bt@gmail.com
Peter Cook,541,sona.lbt@gmail.com
Philip Anderson,823,son.albt@gmail.com
Philip Harrington,901,so.nalbt@gmail.com
Philip Schmidt,791,s.onalbt@gmail.com
Phillip Hernandez,795,mail.testsonalbt@gmail.com
Phillip Turner,830,m.ailtestsonalbt@gmail.com
Rachel Abbott,754,ma.iltestsonalbt@gmail.com
Rachel Lucas,656,mai.ltestsonalbt@gmail.com
Rachel Thomas,577,mailtestsonalbt@gmail.com
Rachel Vega,887,mailt.estsonalbt@gmail.com
Rachel Wilson,914,mailte.stsonalbt@gmail.com
Ralph Sims,737,mailtes.tsonalbt@gmail.com
Randy Hopkins,585,mailtest.sonalbt@gmail.com
Ray Booker,637,mailtests.onalbt@gmail.com
Rebecca Brown,631,mailtestso.nalbt@gmail.com
Rebecca Glenn,593,mailtestson.albt@gmail.com
Rebecca Montoya,837,mailtestsona.lbt@gmail.com
Regina Ford,741,mailtestsonal.bt@gmail.com
Renee Medina,733,mailtestsonalb.t@gmail.com
Renee Wright,956,apoorvpandey@gmail.com
Ricardo Wright,947,a.poorvpandey@gmail.com
Richard Alvarez,666,ap.oorvpandey@gmail.com
Richard Cruz,822,apo.orvpandey@gmail.com
Richard Erickson,765,apoo.rvpandey@gmail.com
Richard Fox,866,apoor.vpandey@gmail.com
Richard Johnson,589,apoorv.pandey@gmail.com
Richard Martin,986,apoorvp.andey@gmail.com
Richard Phillips,718,apoorvpa.ndey@gmail.com
Richard Skinner,730,apoorvpan.dey@gmail.com
Richard Thompson,670,apoorvpand.ey@gmail.com
Richard Wood,615,apoorvpande.y@gmail.com
Rick Smith,988,sonalbt@gmail.com
Ricky Davis,842,sonalb.t@gmail.com
Ricky Johnson,806,sonal.bt@gmail.com
Ricky Russo,554,sona.lbt@gmail.com
Robert Cherry,549,son.albt@gmail.com
Robert French,663,so.nalbt@gmail.com
Robert Gallagher,701,s.onalbt@gmail.com
Robert House,731,mail.testsonalbt@gmail.com
Robert Lopez,783,m.ailtestsonalbt@gmail.com
Robert Massey,814,ma.iltestsonalbt@gmail.com
Robert Melendez,553,mai.ltestsonalbt@gmail.com
Robert Morton,752,mailtestsonalbt@gmail.com
Robert Perez,595,mailt.estsonalbt@gmail.com
Robert Simmons,586,mailte.stsonalbt@gmail.com
Robert White,593,mailtes.tsonalbt@gmail.com
Robert Wood MD,783,mailtest.sonalbt@gmail.com
Roberto Watts,1000,mailtests.onalbt@gmail.com
Ronald Allen,820,mailtestso.nalbt@gmail.com
Ronald Lynn,648,mailtestson.albt@gmail.com
Ross Cook,929,mailtestsona.lbt@gmail.com
Roy Chandler,632,mailtestsonal.bt@gmail.com
Roy Davis,729,mailtestsonalb.t@gmail.com
Ruth Vang,531,apoorvpandey@gmail.com
Ryan Clark,732,a.poorvpandey@gmail.com
Ryan Hobbs,691,ap.oorvpandey@gmail.com
Ryan Nguyen,735,apo.orvpandey@gmail.com
Ryan Rivera,945,apoo.rvpandey@gmail.com
Ryan Sanchez,927,apoor.vpandey@gmail.com
Ryan Trujillo,785,apoorv.pandey@gmail.com
Sabrina Maldonado,694,apoorvp.andey@gmail.com
Samantha Brown,703,apoorvpa.ndey@gmail.com
Samantha Morales,966,apoorvpan.dey@gmail.com
Samantha Smith,705,apoorvpand.ey@gmail.com
Samantha Williams,730,apoorvpande.y@gmail.com
Samantha Woods,970,sonalbt@gmail.com
Samuel Haney,785,sonalb.t@gmail.com
Samuel Oliver,500,sonal.bt@gmail.com
Sandra Stephens,815,sona.lbt@gmail.com
Sara Alvarez,512,son.albt@gmail.com
Sara Henderson,547,so.nalbt@gmail.com
Sara Miller,567,s.onalbt@gmail.com
Sara Thompson,906,mail.testsonalbt@gmail.com
Sara Tran,542,m.ailtestsonalbt@gmail.com
Sarah Hawkins,505,ma.iltestsonalbt@gmail.com
Sarah Jones,641,mai.ltestsonalbt@gmail.com
Sarah Lang,788,mailtestsonalbt@gmail.com
Sarah Rodriguez,654,mailt.estsonalbt@gmail.com
Sarah Thompson,675,mailte.stsonalbt@gmail.com
Sarah Williams MD,640,mailtes.tsonalbt@gmail.com
Scott Blake,537,mailtest.sonalbt@gmail.com
Scott Kirby,675,mailtests.onalbt@gmail.com
Scott Ramsey,710,mailtestso.nalbt@gmail.com
Sean Allen,771,mailtestson.albt@gmail.com
Sean Carney,560,mailtestsona.lbt@gmail.com
Sean Combs,797,mailtestsonal.bt@gmail.com
Seth Russo,777,mailtestsonalb.t@gmail.com
Shane Clark,502,apoorvpandey@gmail.com
Shannon Boyd,669,a.poorvpandey@gmail.com
Shannon Frazier,510,ap.oorvpandey@gmail.com
Shannon Larson,941,apo.orvpandey@gmail.com
Shari Sanchez,628,apoo.rvpandey@gmail.com
Sharon Daniels,976,apoor.vpandey@gmail.com
Sharon Walker,923,apoorv.pandey@gmail.com
Shawn Dunn,734,apoorvp.andey@gmail.com
Sheila Miller,770,apoorvpa.ndey@gmail.com
Sheila Phillips,782,apoorvpan.dey@gmail.com
Shelby Sims,959,apoorvpand.ey@gmail.com
Shelby Thompson,837,apoorvpande.y@gmail.com
Shelia Chen,609,sonalbt@gmail.com
Shelley West,724,sonalb.t@gmail.com
Shelley Williams,889,sonal.bt@gmail.com
Shelly Reid,948,sona.lbt@gmail.com
Sophia Miller,710,son.albt@gmail.com
Spencer Vargas,770,so.nalbt@gmail.com
Stacey Davis,649,s.onalbt@gmail.com
Stacey Pacheco,669,mail.testsonalbt@gmail.com
Stacey Walker,650,m.ailtestsonalbt@gmail.com
Stacy Chavez,535,ma.iltestsonalbt@gmail.com
Stacy Rocha,792,mai.ltestsonalbt@gmail.com
Stephanie Bradshaw,539,mailtestsonalbt@gmail.com
Stephanie Kent,590,mailt.estsonalbt@gmail.com
Stephanie Nunez,629,mailte.stsonalbt@gmail.com
Stephanie Schmidt,841,mailtes.tsonalbt@gmail.com
Stephen Franklin,532,mailtest.sonalbt@gmail.com
Stephen Jones,878,mailtests.onalbt@gmail.com
Stephen Lucas,565,mailtestso.nalbt@gmail.com
Stephen Martinez,563,mailtestson.albt@gmail.com
Stephen Montoya,627,mailtestsona.lbt@gmail.com
Stephen Rogers,567,mailtestsonal.bt@gmail.com
Steve Bailey,754,mailtestsonalb.t@gmail.com
Steven Green,576,apoorvpandey@gmail.com
Steven Kidd,771,a.poorvpandey@gmail.com
Steven Mitchell,989,ap.oorvpandey@gmail.com
Steven Oconnor,588,apo.orvpandey@gmail.com
Steven Pierce,902,apoo.rvpandey@gmail.com
Steven Sawyer,801,apoor.vpandey@gmail.com
Steven Smith,638,apoorv.pandey@gmail.com
Steven Yates,965,apoorvp.andey@gmail.com
Susan Taylor,815,apoorvpa.ndey@gmail.com
Suzanne Lewis,657,apoorvpan.dey@gmail.com
Suzanne Thompson,927,apoorvpand.ey@gmail.com
Sydney Boyd,770,apoorvpande.y@gmail.com
Sylvia Johnson,948,sonalbt@gmail.com
Sylvia Stanley,663,sonalb.t@gmail.com
Tammy Garcia,668,sonal.bt@gmail.com
Tammy Sanders,525,sona.lbt@gmail.com
Tammy Torres,890,son.albt@gmail.com
Tanya Gonzalez,838,so.nalbt@gmail.com
Teresa Hughes,749,s.onalbt@gmail.com
Teresa Lloyd MD,640,mail.testsonalbt@gmail.com
Teresa Powers,813,m.ailtestsonalbt@gmail.com
Teresa Zimmerman,762,ma.iltestsonalbt@gmail.com
Terrance Carr,938,mai.ltestsonalbt@gmail.com
Terri Lee,514,mailtestsonalbt@gmail.com
Terry Kelley,505,mailt.estsonalbt@gmail.com
Terry Velazquez,800,mailte.stsonalbt@gmail.com
Theresa Flores,973,mailtes.tsonalbt@gmail.com
Theresa Hogan,519,mailtest.sonalbt@gmail.com
Thomas Burke,788,mailtests.onalbt@gmail.com
Thomas Butler,598,mailtestso.nalbt@gmail.com
Thomas Ochoa,772,mailtestson.albt@gmail.com
Thomas Pena,986,mailtestsona.lbt@gmail.com
Thomas Sims,762,mailtestsonal.bt@gmail.com
Thomas Vasquez,872,mailtestsonalb.t@gmail.com
Tiffany Acosta,711,apoorvpandey@gmail.com
Tiffany Garcia,512,a.poorvpandey@gmail.com
Tiffany Peters,612,ap.oorvpandey@gmail.com
Tiffany Watts,503,apo.orvpandey@gmail.com
Tim Acosta,795,apoo.rvpandey@gmail.com
Timothy Espinoza,905,apoor.vpandey@gmail.com
Timothy Foster PhD,717,apoorv.pandey@gmail.com
Timothy Gardner,866,apoorvp.andey@gmail.com
Timothy Knight,596,apoorvpa.ndey@gmail.com
Timothy Lyons,844,apoorvpan.dey@gmail.com
Timothy Morgan,845,apoorvpand.ey@gmail.com
Tina Conrad,631,apoorvpande.y@gmail.com
Tina Evans,873,sonalbt@gmail.com
Tina Haynes,652,sonalb.t@gmail.com
Todd Garza,827,sonal.bt@gmail.com
Toni Weaver,774,sona.lbt@gmail.com
Tony Ferrell,867,son.albt@gmail.com
Traci Stewart,766,so.nalbt@gmail.com
Tracy Davis,876,s.onalbt@gmail.com
Tracy Mckinney,524,mail.testsonalbt@gmail.com
Travis Wilson,960,m.ailtestsonalbt@gmail.com
Trevor Buckley,674,ma.iltestsonalbt@gmail.com
Troy Carey,876,mai.ltestsonalbt@gmail.com
Tyler Hunt,929,mailtestsonalbt@gmail.com
Tyler Sweeney,630,mailt.estsonalbt@gmail.com
Vanessa Cardenas,951,mailte.stsonalbt@gmail.com
Vanessa Phillips,849,mailtes.tsonalbt@gmail.com
Veronica Davis,948,mailtest.sonalbt@gmail.com
Vickie Nunez,951,mailtests.onalbt@gmail.com
Victor Reynolds,578,mailtestso.nalbt@gmail.com
Victor Smith,925,mailtestson.albt@gmail.com
Victoria Bryant,860,mailtestsona.lbt@gmail.com
Victoria Nelson,900,mailtestsonal.bt@gmail.com
Victoria Rhodes,911,mailtestsonalb.t@gmail.com
Vincent Avery,729,apoorvpandey@gmail.com
Vincent Williams,835,a.poorvpandey@gmail.com
Virginia Romero,691,ap.oorvpandey@gmail.com
Walter Carter,746,apo.orvpandey@gmail.com
Walter Walker,988,apoo.rvpandey@gmail.com
Warren Ashley,811,apoor.vpandey@gmail.com
Wendy Smith,673,apoorv.pandey@gmail.com
Wesley Mcdonald,872,apoorvp.andey@gmail.com
Wesley Schultz,569,apoorvpa.ndey@gmail.com
Whitney Austin,798,apoorvpan.dey@gmail.com
William Baker,918,apoorvpand.ey@gmail.com
William Barber,966,apoorvpande.y@gmail.com
William Collins,670,sonalbt@gmail.com
William Davis,773,sonalb.t@gmail.com
William Davis,684,sonal.bt@gmail.com
William Greene,562,sona.lbt@gmail.com
William Jones,664,son.albt@gmail.com
William Mcclain,592,so.nalbt@gmail.com
William Parker,671,s.onalbt@gmail.com
William Rodriguez,598,mail.testsonalbt@gmail.com
William Smith,791,m.ailtestsonalbt@gmail.com
William Smith,985,ma.iltestsonalbt@gmail.com
William Young,635,mai.ltestsonalbt@gmail.com
Xavier Morris,745,mailtestsonalbt@gmail.com
Yolanda Wallace,666,mailt.estsonalbt@gmail.com
Yvonne Shaw,789,mailte.stsonalbt@gmail.com
